Region,Departement,COM_ARRT_VILLE,COMMUNE,QUARTIER_VILLAGE_HAMEAU,CONCESSION,MENAGE,HOMMES,FEMMES,POPULATION,Année
KAFFRINE,"MALEM HODDAR","MALEM HODDAR","MALEM HODDAR",ESCALE,125,151,815,847,1662,2023
KAFFRINE,"MALEM HODDAR","MALEM HODDAR","MALEM HODDAR","GUINAW RAIL",176,215,1001,972,1973,2023
KAFFRINE,"MALEM HODDAR","MALEM HODDAR","MALEM HODDAR",IMINDINE,34,48,288,408,696,2023
KAFFRINE,"MALEM HODDAR","MALEM HODDAR","MALEM HODDAR",MBADIANENE,150,170,856,919,1775,2023
KAFFRINE,"MALEM HODDAR","MALEM HODDAR","MALEM HODDAR",TAIBA,109,119,905,955,1860,2023
KAFFRINE,"MALEM HODDAR","MALEM HODDAR","MALEM HODDAR","TAWA KEUR EL HADJI",175,187,1390,1342,2732,2023
KAFFRINE,"MALEM HODDAR","MALEM HODDAR","MALEM HODDAR","TAWA MOSQUEE",86,103,792,698,1490,2023
KAFFRINE,"MALEM HODDAR","DAROU MINAM 2","DAROU MINAM","BOGNEDIE (SAM FATIM)",14,19,87,84,171,2023
KAFFRINE,"MALEM HODDAR","DAROU MINAM 2","DAROU MINAM","DAROU DIENE (DARA MAME MOR DIOP)",28,37,214,173,387,2023
KAFFRINE,"MALEM HODDAR","DAROU MINAM 2","DAROU MINAM","H1 DAROU KARIM",7,7,41,54,95,2023
KAFFRINE,"MALEM HODDAR","DAROU MINAM 2","DAROU MINAM","DAROU DIOP (DAROU GUEYE)",30,34,271,235,506,2023
KAFFRINE,"MALEM HODDAR","DAROU MINAM 2","DAROU MINAM","DAROU MINAM II",106,119,671,690,1361,2023
KAFFRINE,"MALEM HODDAR","DAROU MINAM 2","DAROU MINAM","H2 DAROU SALAM",36,37,205,172,377,2023
KAFFRINE,"MALEM HODDAR","DAROU MINAM 2","DAROU MINAM","H4 SIADA",8,13,60,43,103,2023
KAFFRINE,"MALEM HODDAR","DAROU MINAM 2","DAROU MINAM","H5 MINATOU AKHLA",2,2,35,12,47,2023
KAFFRINE,"MALEM HODDAR","DAROU MINAM 2","DAROU MINAM","H6 KEUR MBAYE NGOM",6,6,42,33,75,2023
KAFFRINE,"MALEM HODDAR","DAROU MINAM 2","DAROU MINAM",DEPE,33,58,426,397,823,2023
KAFFRINE,"MALEM HODDAR","DAROU MINAM 2","DAROU MINAM","H1 NDIGALEME",7,8,46,31,77,2023
KAFFRINE,"MALEM HODDAR","DAROU MINAM 2","DAROU MINAM","DIAGA KEUR SERIGNE NIANG",86,107,640,592,1232,2023
KAFFRINE,"MALEM HODDAR","DAROU MINAM 2","DAROU MINAM","H3 TENNALT",3,4,40,40,80,2023
KAFFRINE,"MALEM HODDAR","DAROU MINAM 2","DAROU MINAM","FASS SENENE",11,18,108,108,216,2023
KAFFRINE,"MALEM HODDAR","DAROU MINAM 2","DAROU MINAM","KEUR IBRA DIACK (NDIAGUENE)",10,19,153,100,253,2023
KAFFRINE,"MALEM HODDAR","DAROU MINAM 2","DAROU MINAM","KHAIRA II (KHAIRA DIAGA)",129,148,861,881,1742,2023
KAFFRINE,"MALEM HODDAR","DAROU MINAM 2","DAROU MINAM","KHELCOM DIAGA (KEUR DAYE KA)",29,35,243,236,479,2023
KAFFRINE,"MALEM HODDAR","DAROU MINAM 2","DAROU MINAM","H1 KEUR NDIAPE NDIAYE",10,14,116,83,199,2023
KAFFRINE,"MALEM HODDAR","DAROU MINAM 2","DAROU MINAM",LOUGUENE,24,26,202,136,338,2023
KAFFRINE,"MALEM HODDAR","DAROU MINAM 2","DAROU MINAM","LOUGUENE DAARA",6,6,38,0,38,2023
KAFFRINE,"MALEM HODDAR","DAROU MINAM 2","DAROU MINAM","MBABANE GOUYARD",23,29,134,117,251,2023
KAFFRINE,"MALEM HODDAR","DAROU MINAM 2","DAROU MINAM","H1 THIERERGA",35,57,349,290,639,2023
KAFFRINE,"MALEM HODDAR","DAROU MINAM 2","DAROU MINAM","MBABANE MOURIDE",103,118,929,679,1608,2023
KAFFRINE,"MALEM HODDAR","DAROU MINAM 2","DAROU MINAM","MEDINA DIAMAGUENE (WILLANENE)",8,10,65,58,123,2023
KAFFRINE,"MALEM HODDAR","DAROU MINAM 2","DAROU MINAM","MEDINA FALL",70,72,485,347,832,2023
KAFFRINE,"MALEM HODDAR","DAROU MINAM 2","DAROU MINAM","H3 KEUR CHEIKH GUEYE",6,7,62,43,105,2023
KAFFRINE,"MALEM HODDAR","DAROU MINAM 2","DAROU MINAM","H4 DARADIA (PALLENE)",5,5,66,0,66,2023
KAFFRINE,"MALEM HODDAR","DAROU MINAM 2","DAROU MINAM","H5 NDIOUFENE (MEDINA SERERE)",14,21,157,140,297,2023
KAFFRINE,"MALEM HODDAR","DAROU MINAM 2","DAROU MINAM","H6 DAROU FALL (WENDOU)",58,91,614,526,1140,2023
KAFFRINE,"MALEM HODDAR","DAROU MINAM 2","DAROU MINAM","H7 KEUR THIONE NDIAYE",1,1,2,0,2,2023
KAFFRINE,"MALEM HODDAR","DAROU MINAM 2","DAROU MINAM","MEDINA MBAYENE",31,34,203,155,358,2023
KAFFRINE,"MALEM HODDAR","DAROU MINAM 2","DAROU MINAM","MISSIRAH HODIOLDE",45,54,636,308,944,2023
KAFFRINE,"MALEM HODDAR","DAROU MINAM 2","DAROU MINAM","H1 DAROU HODIOLDE",22,33,271,248,519,2023
KAFFRINE,"MALEM HODDAR","DAROU MINAM 2","DAROU MINAM","NDIARY NDIOFFA (KEUR GOUMALO)",22,32,153,165,318,2023
KAFFRINE,"MALEM HODDAR","DAROU MINAM 2","DAROU MINAM","NDIOB (FEGUE)",12,23,116,105,221,2023
KAFFRINE,"MALEM HODDAR","DAROU MINAM 2","DAROU MINAM",NIARGUEL,23,30,153,137,290,2023
KAFFRINE,"MALEM HODDAR","DAROU MINAM 2","DAROU MINAM","H1 MBAYENE",7,7,71,49,120,2023
KAFFRINE,"MALEM HODDAR","DAROU MINAM 2","DAROU MINAM","H2 MODJI",6,9,76,51,127,2023
KAFFRINE,"MALEM HODDAR","DAROU MINAM 2","DAROU MINAM","OUADIOUR HABATH (KHOULE)",15,26,162,151,313,2023
KAFFRINE,"MALEM HODDAR","DAROU MINAM 2","DAROU MINAM",PAYLAR,16,34,131,130,261,2023
KAFFRINE,"MALEM HODDAR","DAROU MINAM 2","DAROU MINAM",TCHIECKE,13,20,116,82,198,2023
KAFFRINE,"MALEM HODDAR","DAROU MINAM 2","DAROU MINAM","THIABOULY (NGADIALOGNE)",18,26,118,111,229,2023
KAFFRINE,"MALEM HODDAR","DAROU MINAM 2","DAROU MINAM","TOUBA HABATH (KEUR FALOU SYLLA)",5,6,44,34,78,2023
KAFFRINE,"MALEM HODDAR","DAROU MINAM 2","DAROU MINAM","TOUBA MINAM",7,10,86,49,135,2023
KAFFRINE,"MALEM HODDAR","DAROU MINAM 2","DAROU MINAM","TOUBA NDIENE",32,43,251,221,472,2023
KAFFRINE,"MALEM HODDAR","DAROU MINAM 2","DAROU MINAM","TOUBA NDIENGUENE",13,14,85,59,144,2023
KAFFRINE,"MALEM HODDAR","DAROU MINAM 2","DAROU MINAM","TOUBA NDIOUM (KEUR SERIGNE DAME)",12,16,73,70,143,2023
KAFFRINE,"MALEM HODDAR","DAROU MINAM 2","DAROU MINAM",ARTOUCKY,9,9,59,60,119,2023
KAFFRINE,"MALEM HODDAR","DAROU MINAM 2","DAROU MINAM","DAROU GUEYE",21,21,110,93,203,2023
KAFFRINE,"MALEM HODDAR","DAROU MINAM 2","DAROU MINAM","H1 THIOLLE",2,4,13,12,25,2023
KAFFRINE,"MALEM HODDAR","DAROU MINAM 2","DAROU MINAM",DIAMAGUENE,27,27,184,176,360,2023
KAFFRINE,"MALEM HODDAR","DAROU MINAM 2","DAROU MINAM","KHELCOM FORAGE",93,292,611,610,1221,2023
KAFFRINE,"MALEM HODDAR","DAROU MINAM 2","DAROU MINAM","NGOURWE KHELCOM",33,92,406,329,735,2023
KAFFRINE,"MALEM HODDAR","DAROU MINAM 2","DAROU MINAM","H1 DAROU DIENG (NGUEMBE)",6,6,77,29,106,2023
KAFFRINE,"MALEM HODDAR","DAROU MINAM 2","NDIOUM NGAINTH","AFFE LEWE",6,9,32,26,58,2023
KAFFRINE,"MALEM HODDAR","DAROU MINAM 2","NDIOUM NGAINTH","H1 PEULGA(AFFE LEWE)",9,13,70,61,131,2023
KAFFRINE,"MALEM HODDAR","DAROU MINAM 2","NDIOUM NGAINTH","AINOUMANE THIAMENE",13,13,82,59,141,2023
KAFFRINE,"MALEM HODDAR","DAROU MINAM 2","NDIOUM NGAINTH","BELEL DJIGA (BELEL NDENDOGOU)",40,86,331,277,608,2023
KAFFRINE,"MALEM HODDAR","DAROU MINAM 2","NDIOUM NGAINTH",BOGUEL,27,32,148,150,298,2023
KAFFRINE,"MALEM HODDAR","DAROU MINAM 2","NDIOUM NGAINTH","H1 KEUR MBASSA DIOUF",7,11,44,43,87,2023
KAFFRINE,"MALEM HODDAR","DAROU MINAM 2","NDIOUM NGAINTH","H2 DAROU SALAM LOUMBY",6,6,33,23,56,2023
KAFFRINE,"MALEM HODDAR","DAROU MINAM 2","NDIOUM NGAINTH","DAROU MBANE",41,46,275,294,569,2023
KAFFRINE,"MALEM HODDAR","DAROU MINAM 2","NDIOUM NGAINTH","H1 PEULGA(DAROU MBANE)",8,25,143,131,274,2023
KAFFRINE,"MALEM HODDAR","DAROU MINAM 2","NDIOUM NGAINTH","DAROU NDIOUM (DAROU THIECKENE)",19,28,156,142,298,2023
KAFFRINE,"MALEM HODDAR","DAROU MINAM 2","NDIOUM NGAINTH","DAROU NIANG",9,17,117,105,222,2023
KAFFRINE,"MALEM HODDAR","DAROU MINAM 2","NDIOUM NGAINTH","GOUYARD (GOYARD SALL)",15,18,86,87,173,2023
KAFFRINE,"MALEM HODDAR","DAROU MINAM 2","NDIOUM NGAINTH","H1 PEULGA(GOUYARD)",10,11,54,47,101,2023
KAFFRINE,"MALEM HODDAR","DAROU MINAM 2","NDIOUM NGAINTH","H2 DARA DJILY MBACKE",1,1,7,2,9,2023
KAFFRINE,"MALEM HODDAR","DAROU MINAM 2","NDIOUM NGAINTH",GUIDOYEL,4,8,44,37,81,2023
KAFFRINE,"MALEM HODDAR","DAROU MINAM 2","NDIOUM NGAINTH","KHOUROU LOUMBY",75,82,407,394,801,2023
KAFFRINE,"MALEM HODDAR","DAROU MINAM 2","NDIOUM NGAINTH",LEWE,61,81,412,441,853,2023
KAFFRINE,"MALEM HODDAR","DAROU MINAM 2","NDIOUM NGAINTH",MBANE,46,57,341,346,687,2023
KAFFRINE,"MALEM HODDAR","DAROU MINAM 2","NDIOUM NGAINTH","MEDINA BOYGUEL",20,29,190,171,361,2023
KAFFRINE,"MALEM HODDAR","DAROU MINAM 2","NDIOUM NGAINTH","MEDINA NDIAYENE (SANTHIOU SAMBA NDIAYE)",33,39,198,168,366,2023
KAFFRINE,"MALEM HODDAR","DAROU MINAM 2","NDIOUM NGAINTH","H1 TOUBA LANEL",15,16,99,49,148,2023
KAFFRINE,"MALEM HODDAR","DAROU MINAM 2","NDIOUM NGAINTH","MEDINA NDIOUM",25,29,145,125,270,2023
KAFFRINE,"MALEM HODDAR","DAROU MINAM 2","NDIOUM NGAINTH","MEDINA TAWA (MBEYENE)",31,38,162,149,311,2023
KAFFRINE,"MALEM HODDAR","DAROU MINAM 2","NDIOUM NGAINTH","NDIOUM NGAINTH I",142,163,1122,994,2116,2023
KAFFRINE,"MALEM HODDAR","DAROU MINAM 2","NDIOUM NGAINTH","H1 MBAMBARA",6,8,38,33,71,2023
KAFFRINE,"MALEM HODDAR","DAROU MINAM 2","NDIOUM NGAINTH","TABAKALY (SANTHIOU ELH  MA FAYE)",13,20,125,106,231,2023
KAFFRINE,"MALEM HODDAR","DAROU MINAM 2","NDIOUM NGAINTH","TAIF NDIOUM",35,45,260,219,479,2023
KAFFRINE,"MALEM HODDAR","DAROU MINAM 2","NDIOUM NGAINTH","THIOYE NDIOUM",31,41,285,251,536,2023
KAFFRINE,"MALEM HODDAR","DAROU MINAM 2","NDIOUM NGAINTH","H1 PEULGA (KEUR ABDOU SOW)",9,10,54,49,103,2023
KAFFRINE,"MALEM HODDAR","DAROU MINAM 2","NDIOUM NGAINTH","TOUBA DIABEL FALL",8,12,50,46,96,2023
KAFFRINE,"MALEM HODDAR","DAROU MINAM 2","NDIOUM NGAINTH","TOUBA DIOUF",16,18,89,112,201,2023
KAFFRINE,"MALEM HODDAR","DAROU MINAM 2","NDIOUM NGAINTH","TOUBA FALL",17,21,153,110,263,2023
KAFFRINE,"MALEM HODDAR","DAROU MINAM 2","NDIOUM NGAINTH","TOUBA NDIOUM (KEUR IBRA DIOP)",9,12,67,64,131,2023
KAFFRINE,"MALEM HODDAR","DAROU MINAM 2","NDIOUM NGAINTH","NDIOUM NGAINTH II",156,163,792,691,1483,2023
KAFFRINE,"MALEM HODDAR","DAROU MINAM 2",KHELCOM,KHELCOM,17,9,1811,23,1834,2023
KAFFRINE,"MALEM HODDAR","DAROU MINAM 2","NDIOBENE SAMBA LAMO","DAROU SALAM PAFFA",13,16,83,53,136,2023
KAFFRINE,"MALEM HODDAR","DAROU MINAM 2","NDIOBENE SAMBA LAMO","H1 SANTHIOU SAMBA DIOP",4,8,34,29,63,2023
KAFFRINE,"MALEM HODDAR","DAROU MINAM 2","NDIOBENE SAMBA LAMO","DIOUFFENE WALY",9,12,71,41,112,2023
KAFFRINE,"MALEM HODDAR","DAROU MINAM 2","NDIOBENE SAMBA LAMO","KAHENE DIAM DIAM (KEUR EL HADJI DIAMA)",10,19,81,74,155,2023
KAFFRINE,"MALEM HODDAR","DAROU MINAM 2","NDIOBENE SAMBA LAMO","KEUR ABASS (SANTHIOU ABASS)",23,27,159,119,278,2023
KAFFRINE,"MALEM HODDAR","DAROU MINAM 2","NDIOBENE SAMBA LAMO","H1 PEULGA (KEUR ABASS)",1,1,8,4,12,2023
KAFFRINE,"MALEM HODDAR","DAROU MINAM 2","NDIOBENE SAMBA LAMO",KHOUNAH,40,57,375,281,656,2023
KAFFRINE,"MALEM HODDAR","DAROU MINAM 2","NDIOBENE SAMBA LAMO","KHOUROU GALLO",18,25,130,121,251,2023
KAFFRINE,"MALEM HODDAR","DAROU MINAM 2","NDIOBENE SAMBA LAMO","KHOUROU NDIOBENE",35,43,231,199,430,2023
KAFFRINE,"MALEM HODDAR","DAROU MINAM 2","NDIOBENE SAMBA LAMO","KHOUROU NDIOBENE PEULH",4,8,30,35,65,2023
KAFFRINE,"MALEM HODDAR","DAROU MINAM 2","NDIOBENE SAMBA LAMO","LINGUERE PAFFA",14,17,131,96,227,2023
KAFFRINE,"MALEM HODDAR","DAROU MINAM 2","NDIOBENE SAMBA LAMO","LOUANGA (LOUANGO PAFFA)",37,40,222,182,404,2023
KAFFRINE,"MALEM HODDAR","DAROU MINAM 2","NDIOBENE SAMBA LAMO","H1 TAWFEKH (KEUR ABDOU LOUM)",4,5,31,30,61,2023
KAFFRINE,"MALEM HODDAR","DAROU MINAM 2","NDIOBENE SAMBA LAMO","MEDINA NDIOBENE (DIANGA DIGA)",16,21,91,77,168,2023
KAFFRINE,"MALEM HODDAR","DAROU MINAM 2","NDIOBENE SAMBA LAMO","NDEMENE PAFFA",8,20,87,86,173,2023
KAFFRINE,"MALEM HODDAR","DAROU MINAM 2","NDIOBENE SAMBA LAMO","NDIAO PAFFA",18,23,89,75,164,2023
KAFFRINE,"MALEM HODDAR","DAROU MINAM 2","NDIOBENE SAMBA LAMO","NDIOBENE SAMBA LAMA",168,186,850,800,1650,2023
KAFFRINE,"MALEM HODDAR","DAROU MINAM 2","NDIOBENE SAMBA LAMO","H1 PEULGA",12,17,125,50,175,2023
KAFFRINE,"MALEM HODDAR","DAROU MINAM 2","NDIOBENE SAMBA LAMO","H2 MEDINATOU SALAM",3,3,19,7,26,2023
KAFFRINE,"MALEM HODDAR","DAROU MINAM 2","NDIOBENE SAMBA LAMO","NDIOUM SAMBA NDAW",23,31,153,146,299,2023
KAFFRINE,"MALEM HODDAR","DAROU MINAM 2","NDIOBENE SAMBA LAMO","H1 PEULGA (KEUR MBAYO)",3,6,19,8,27,2023
KAFFRINE,"MALEM HODDAR","DAROU MINAM 2","NDIOBENE SAMBA LAMO","SANOU PAFFA",5,7,66,60,126,2023
KAFFRINE,"MALEM HODDAR","DAROU MINAM 2","NDIOBENE SAMBA LAMO","SANTHIOU DIAM DIAM",5,10,62,55,117,2023
KAFFRINE,"MALEM HODDAR","DAROU MINAM 2","NDIOBENE SAMBA LAMO",SELLY,66,71,529,322,851,2023
KAFFRINE,"MALEM HODDAR","DAROU MINAM 2","NDIOBENE SAMBA LAMO","THINDY BOYE DEME",14,21,126,103,229,2023
KAFFRINE,"MALEM HODDAR","DAROU MINAM 2","NDIOBENE SAMBA LAMO","THINDY DIALIGUE",6,12,50,62,112,2023
KAFFRINE,"MALEM HODDAR","DAROU MINAM 2","NDIOBENE SAMBA LAMO","TIVAOUANE NDIOBENE (SANTHIOU CISSE)",8,8,56,39,95,2023
KAFFRINE,"MALEM HODDAR","DAROU MINAM 2","NDIOBENE SAMBA LAMO",PAFFA,91,130,791,705,1496,2023
KAFFRINE,"MALEM HODDAR","DAROU MINAM 2","NDIOBENE SAMBA LAMO","H1 KEUR YANKHOBA",2,2,22,1,23,2023
KAFFRINE,"MALEM HODDAR",SAGNA,"DIANKE SOUF","ALOUKY NDOUCOUMANE",42,44,272,236,508,2023
KAFFRINE,"MALEM HODDAR",SAGNA,"DIANKE SOUF",BANGHADJI,30,34,187,176,363,2023
KAFFRINE,"MALEM HODDAR",SAGNA,"DIANKE SOUF",BODE,43,58,391,379,770,2023
KAFFRINE,"MALEM HODDAR",SAGNA,"DIANKE SOUF","BOULEYDA (SANTHIE SADY)",57,66,426,361,787,2023
KAFFRINE,"MALEM HODDAR",SAGNA,"DIANKE SOUF","DAROU NAHIM",11,12,53,35,88,2023
KAFFRINE,"MALEM HODDAR",SAGNA,"DIANKE SOUF","H1 TAWFEKH (DAROU NAHIME)",3,6,31,22,53,2023
KAFFRINE,"MALEM HODDAR",SAGNA,"DIANKE SOUF","H2 TOUBA DAARA",3,6,37,47,84,2023
KAFFRINE,"MALEM HODDAR",SAGNA,"DIANKE SOUF","DAROU SALAM DELBY",16,19,194,114,308,2023
KAFFRINE,"MALEM HODDAR",SAGNA,"DIANKE SOUF",DELBY,81,83,539,480,1019,2023
KAFFRINE,"MALEM HODDAR",SAGNA,"DIANKE SOUF","H1 PEULGA de DELBY",10,20,104,88,192,2023
KAFFRINE,"MALEM HODDAR",SAGNA,"DIANKE SOUF","DIAKSAO SALOUM",47,51,285,269,554,2023
KAFFRINE,"MALEM HODDAR",SAGNA,"DIANKE SOUF","DIANKE KAO",46,52,354,231,585,2023
KAFFRINE,"MALEM HODDAR",SAGNA,"DIANKE SOUF","DIANKE SOUF",99,102,533,570,1103,2023
KAFFRINE,"MALEM HODDAR",SAGNA,"DIANKE SOUF","H1 KEUR SADIO BA",7,13,59,55,114,2023
KAFFRINE,"MALEM HODDAR",SAGNA,"DIANKE SOUF","H2 KEUR AMADOU KA",3,3,15,9,24,2023
KAFFRINE,"MALEM HODDAR",SAGNA,"DIANKE SOUF","H3 KEUR ALIOU KA",2,4,17,25,42,2023
KAFFRINE,"MALEM HODDAR",SAGNA,"DIANKE SOUF","FASS LEWE",5,9,35,37,72,2023
KAFFRINE,"MALEM HODDAR",SAGNA,"DIANKE SOUF",GADIAGA,94,102,467,405,872,2023
KAFFRINE,"MALEM HODDAR",SAGNA,"DIANKE SOUF",GOUBY,60,72,408,230,638,2023
KAFFRINE,"MALEM HODDAR",SAGNA,"DIANKE SOUF","GUEOUL SALOUM",13,14,113,80,193,2023
KAFFRINE,"MALEM HODDAR",SAGNA,"DIANKE SOUF","HAMDALAYE DELBY",33,55,314,305,619,2023
KAFFRINE,"MALEM HODDAR",SAGNA,"DIANKE SOUF",MBABANENE,63,73,536,461,997,2023
KAFFRINE,"MALEM HODDAR",SAGNA,"DIANKE SOUF","MEDINA DIANKE",106,164,1283,1296,2579,2023
KAFFRINE,"MALEM HODDAR",SAGNA,"DIANKE SOUF","MEDINA MBOWENE (KEUR IBRA)",30,36,251,258,509,2023
KAFFRINE,"MALEM HODDAR",SAGNA,"DIANKE SOUF","H2 TOUBA GORIA",5,6,35,36,71,2023
KAFFRINE,"MALEM HODDAR",SAGNA,"DIANKE SOUF","MEDINA SAFFA",20,20,137,101,238,2023
KAFFRINE,"MALEM HODDAR",SAGNA,"DIANKE SOUF","MEDINA SY",206,312,1227,1275,2502,2023
KAFFRINE,"MALEM HODDAR",SAGNA,"DIANKE SOUF",NAWARENE,50,65,463,480,943,2023
KAFFRINE,"MALEM HODDAR",SAGNA,"DIANKE SOUF","H1 BAGDAD",9,13,72,66,138,2023
KAFFRINE,"MALEM HODDAR",SAGNA,"DIANKE SOUF","NDIOTE NDIOLOFENE",16,20,96,78,174,2023
KAFFRINE,"MALEM HODDAR",SAGNA,"DIANKE SOUF","NDIOTE BIRAM",24,33,153,134,287,2023
KAFFRINE,"MALEM HODDAR",SAGNA,"DIANKE SOUF","NDIOTE MOR COUMBA",23,38,259,272,531,2023
KAFFRINE,"MALEM HODDAR",SAGNA,"DIANKE SOUF","NDIOTE SEANE",59,63,374,352,726,2023
KAFFRINE,"MALEM HODDAR",SAGNA,"DIANKE SOUF",NGABA,215,260,1482,1605,3087,2023
KAFFRINE,"MALEM HODDAR",SAGNA,"DIANKE SOUF","TIP SALOUM",102,117,665,645,1310,2023
KAFFRINE,"MALEM HODDAR",SAGNA,"DIANKE SOUF","TIVAOUANE DELBY",28,43,217,204,421,2023
KAFFRINE,"MALEM HODDAR",SAGNA,"DIANKE SOUF","TOUBA SALOUM DELBY",13,18,107,90,197,2023
KAFFRINE,"MALEM HODDAR",SAGNA,"DIANKE SOUF",WANDE,92,106,584,547,1131,2023
KAFFRINE,"MALEM HODDAR",SAGNA,"DIANKE SOUF","H1 PEULGA de WANDE",13,18,106,107,213,2023
KAFFRINE,"MALEM HODDAR",SAGNA,"DIANKE SOUF",DIGANTE,4,4,29,19,48,2023
KAFFRINE,"MALEM HODDAR",SAGNA,"DIANKE SOUF","H4 KEUR ALIOU WALAM KA",3,5,27,21,48,2023
KAFFRINE,"MALEM HODDAR",SAGNA,"DIANKE SOUF","H2 PEULGA",4,8,29,26,55,2023
KAFFRINE,"MALEM HODDAR",SAGNA,"DIANKE SOUF","MBACKE SALOUM",9,9,79,85,164,2023
KAFFRINE,"MALEM HODDAR",SAGNA,SAGNA,"AINOUMANE I",92,114,918,867,1785,2023
KAFFRINE,"MALEM HODDAR",SAGNA,SAGNA,"AINOUMANE II",19,20,144,96,240,2023
KAFFRINE,"MALEM HODDAR",SAGNA,SAGNA,BELAL,29,32,248,228,476,2023
KAFFRINE,"MALEM HODDAR",SAGNA,SAGNA,"BOULEL NDOUCOUMANE",61,75,381,339,720,2023
KAFFRINE,"MALEM HODDAR",SAGNA,SAGNA,"DAROU SALAM I",25,31,267,254,521,2023
KAFFRINE,"MALEM HODDAR",SAGNA,SAGNA,"DAROU SALAM II",18,22,163,175,338,2023
KAFFRINE,"MALEM HODDAR",SAGNA,SAGNA,DIABY,84,105,998,835,1833,2023
KAFFRINE,"MALEM HODDAR",SAGNA,SAGNA,"DIAM DIAM",205,233,1460,1784,3244,2023
KAFFRINE,"MALEM HODDAR",SAGNA,SAGNA,"DIOKOUL MBAHENE",7,10,40,59,99,2023
KAFFRINE,"MALEM HODDAR",SAGNA,SAGNA,DJIDDAH,28,35,236,230,466,2023
KAFFRINE,"MALEM HODDAR",SAGNA,SAGNA,"FASS MAME BABA",101,113,777,873,1650,2023
KAFFRINE,"MALEM HODDAR",SAGNA,SAGNA,"FASS NIAKHENE",28,35,196,224,420,2023
KAFFRINE,"MALEM HODDAR",SAGNA,SAGNA,GALLO,12,16,113,126,239,2023
KAFFRINE,"MALEM HODDAR",SAGNA,SAGNA,GOUDIE,45,53,254,252,506,2023
KAFFRINE,"MALEM HODDAR",SAGNA,SAGNA,"HAMDALLAYE I",41,49,259,266,525,2023
KAFFRINE,"MALEM HODDAR",SAGNA,SAGNA,"HAMDALLAYE II",32,39,369,319,688,2023
KAFFRINE,"MALEM HODDAR",SAGNA,SAGNA,HODDAR,175,197,1256,1146,2402,2023
KAFFRINE,"MALEM HODDAR",SAGNA,SAGNA,"KEUR YORO MBAROU",64,71,425,420,845,2023
KAFFRINE,"MALEM HODDAR",SAGNA,SAGNA,"KHAIRA NDRAME",7,10,106,77,183,2023
KAFFRINE,"MALEM HODDAR",SAGNA,SAGNA,LAGUE,117,125,808,767,1575,2023
KAFFRINE,"MALEM HODDAR",SAGNA,SAGNA,"MAKA BELAL",122,138,988,1058,2046,2023
KAFFRINE,"MALEM HODDAR",SAGNA,SAGNA,"MALEM KATY",11,15,86,104,190,2023
KAFFRINE,"MALEM HODDAR",SAGNA,SAGNA,"MALEME SERIGNE",89,113,770,741,1511,2023
KAFFRINE,"MALEM HODDAR",SAGNA,SAGNA,MBANKOUMA,64,74,404,507,911,2023
KAFFRINE,"MALEM HODDAR",SAGNA,SAGNA,MBAROUCOUNDA,169,192,1208,1410,2618,2023
KAFFRINE,"MALEM HODDAR",SAGNA,SAGNA,MBENTENKY,70,90,445,531,976,2023
KAFFRINE,"MALEM HODDAR",SAGNA,SAGNA,"MEDINA EL HADJI MALICK",19,21,143,128,271,2023
KAFFRINE,"MALEM HODDAR",SAGNA,SAGNA,"MEDINA FASS",60,63,518,513,1031,2023
KAFFRINE,"MALEM HODDAR",SAGNA,SAGNA,"MEDINA KAYENE",37,39,249,275,524,2023
KAFFRINE,"MALEM HODDAR",SAGNA,SAGNA,"MEDINA GOWE",43,58,428,409,837,2023
KAFFRINE,"MALEM HODDAR",SAGNA,SAGNA,"MEDINA NGAYENE",20,30,191,199,390,2023
KAFFRINE,"MALEM HODDAR",SAGNA,SAGNA,"MEDINA NGUEYENE",24,50,287,324,611,2023
KAFFRINE,"MALEM HODDAR",SAGNA,SAGNA,"MEDINA NIAHEME",98,126,729,667,1396,2023
KAFFRINE,"MALEM HODDAR",SAGNA,SAGNA,"MISSIRAH FASS",5,5,28,29,57,2023
KAFFRINE,"MALEM HODDAR",SAGNA,SAGNA,"MISSIRAH HODDAR",23,38,238,242,480,2023
KAFFRINE,"MALEM HODDAR",SAGNA,SAGNA,"MISSIRAH NDRAME",20,22,162,208,370,2023
KAFFRINE,"MALEM HODDAR",SAGNA,SAGNA,"MOUYE PAFFA",15,33,202,160,362,2023
KAFFRINE,"MALEM HODDAR",SAGNA,SAGNA,NGUETHIE,103,142,1189,1158,2347,2023
KAFFRINE,"MALEM HODDAR",SAGNA,SAGNA,NIAHENE,432,503,3094,3349,6443,2023
KAFFRINE,"MALEM HODDAR",SAGNA,SAGNA,"PASSY MBELBOUCK",42,49,317,312,629,2023
KAFFRINE,"MALEM HODDAR",SAGNA,SAGNA,SAGNA,138,166,922,766,1688,2023
KAFFRINE,"MALEM HODDAR",SAGNA,SAGNA,"H1 PEULGA(SAGNA)",4,5,23,16,39,2023
KAFFRINE,"MALEM HODDAR",SAGNA,SAGNA,"H2 NASROULAYE",1,4,30,17,47,2023
KAFFRINE,"MALEM HODDAR",SAGNA,SAGNA,"SANTHIE MBELBOUCK",87,118,859,911,1770,2023
KAFFRINE,"MALEM HODDAR",SAGNA,SAGNA,SEANE,82,95,634,543,1177,2023
KAFFRINE,"MALEM HODDAR",SAGNA,SAGNA,SIWOL,85,96,630,589,1219,2023
KAFFRINE,"MALEM HODDAR",SAGNA,SAGNA,"TAIBA MBADIANENE",38,46,296,440,736,2023
KAFFRINE,"MALEM HODDAR",SAGNA,SAGNA,TEKHE,34,37,242,173,415,2023
KAFFRINE,"MALEM HODDAR",SAGNA,SAGNA,"MALEME THIALENE",77,99,588,658,1246,2023
KAFFRINE,"MALEM HODDAR",SAGNA,SAGNA,"H1 KIPP",32,35,206,214,420,2023
KAFFRINE,"MALEM HODDAR",SAGNA,SAGNA,"H2 KEUR MALAHINE LO",6,7,42,51,93,2023
KAFFRINE,"MALEM HODDAR",SAGNA,SAGNA,THIANTANG,12,12,103,87,190,2023
KAFFRINE,"MALEM HODDAR",SAGNA,SAGNA,"TOBENE LAGUE",32,37,191,198,389,2023
KAFFRINE,"MALEM HODDAR",SAGNA,SAGNA,"TOUBA NGUEYENE",39,58,333,341,674,2023
KAFFRINE,"MALEM HODDAR",SAGNA,SAGNA,"BANT BOU TEUDD(TOUBA MALEM)",1,2,79,7,86,2023
KAFFRINE,"MALEM HODDAR",SAGNA,SAGNA,"KHAIRA 3(SANTHIE ABDOUL)",5,6,33,35,68,2023
KAFFRINE,"MALEM HODDAR",SAGNA,SAGNA,THIONGUE,1,4,14,17,31,2023
KAFFRINE,"MALEM HODDAR",SAGNA,SAGNA,"TIVAOUANE PASSY",1,1,6,5,11,2023
KAFFRINE,"MALEM HODDAR",SAGNA,SAGNA,"TOUBA MEDINATOUL MOUNAWARA",16,16,150,29,179,2023
KAFFRINE,"MALEM HODDAR",SAGNA,SAGNA,"H1 SEANE",10,11,66,76,142,2023